﻿<?xml version="1.0" encoding="utf-8"?>
<Package>
  <Content>
    <File path="\config\Acr.SiteServer.Shell.exe.config" hash="SHA1:Slf04cE74A9YQQ2D1TBX9+CgCdA=" />
    <File path="\distr\Acr.Delivery.Commons.dll" hash="SHA1:vT5RSL8asHBWaaiXRfIrh6WXXFE=" />
    <File path="\distr\Acr.Delivery.Packaging.dll" hash="SHA1:U0Z1T0/2rdGopU48k/IWEB+w6rM=" />
    <File path="\distr\Acr.Delivery.UpdateEngine.dll" hash="SHA1:nhI/Oo4DablPVghtkV/477Rxwps=" />
    <File path="\distr\Acr.SiteServer.SharedLibs.EFCore.dll" hash="SHA1:vHqdnlqH97U903GtI2I2nCmO0Ms=" />
    <File path="\distr\Acr.SiteServer.SharedLibs.Quartz.dll" hash="SHA1:Zm+qDQ6r0E2rYEEouZ+0DtdQBGQ=" />
    <File path="\distr\Acr.SiteServer.Shell.exe" hash="SHA1:z0zRw/0J7Up9UTJbIhQpTMjWfqA=" />
    <File path="\distr\Acr.SiteServer.Shell.pdb" hash="SHA1:l4POgKk+OuEOjiDn4X0Pje177Zc=" />
    <File path="\distr\Common.Logging.Core.dll" hash="SHA1:32cwEk57GiiPl8t/26v1NIE3kjU=" />
    <File path="\distr\Common.Logging.Core.pdb" hash="SHA1:Jrs51pEZkCFWv8clyxIYQRciKRc=" />
    <File path="\distr\Common.Logging.Core.xml" hash="SHA1:Kg5o+SWj/oN14mbW87LkScy+y38=" />
    <File path="\distr\Common.Logging.dll" hash="SHA1:l9VbyuXtRicOCSUVJ2vt3ap6BTM=" />
    <File path="\distr\Common.Logging.NLog4412.dll" hash="SHA1:3y91xeOJlJYJU29mjuAWTv5u7Pg=" />
    <File path="\distr\Common.Logging.NLog4412.pdb" hash="SHA1:Ae/Z/UzYxuTjgxNz58vSp6h+Jxw=" />
    <File path="\distr\Common.Logging.NLog4412.xml" hash="SHA1:CmgqZ6u7HZvI6pEw10cK/ZU/A2U=" />
    <File path="\distr\Common.Logging.pdb" hash="SHA1:qy5jEuQCLk3TcgJCKIGg84sSVcc=" />
    <File path="\distr\Common.Logging.xml" hash="SHA1:eV7Tf5Rg6PP9QjrQiwCwsJF2VE4=" />
    <File path="\distr\JetBrains.Annotations.dll" hash="SHA1:7w7SF8RUmfpF5gSwLo+f8NakpR0=" />
    <File path="\distr\JetBrains.Annotations.xml" hash="SHA1:K00Ss3dsu7AcQsHydItuurWsqPE=" />
    <File path="\distr\Microsoft.AspNetCore.Html.Abstractions.dll" hash="SHA1:3BP11WDRsZAR92xuZ1QcStGZjuI=" />
    <File path="\distr\Microsoft.AspNetCore.Html.Abstractions.xml" hash="SHA1:QQCYkqjBKvk/AmSN10147nBTkv0=" />
    <File path="\distr\Microsoft.AspNetCore.Razor.dll" hash="SHA1:mwiW36w/Z5JLnu1D4GoxUOpO9NU=" />
    <File path="\distr\Microsoft.AspNetCore.Razor.Runtime.dll" hash="SHA1:TIRhvslyZSqSq5vPnR3/DAKe6ss=" />
    <File path="\distr\Microsoft.AspNetCore.Razor.Runtime.xml" hash="SHA1:kck7gTReReTHeAko8P0IKrgOIsw=" />
    <File path="\distr\Microsoft.AspNetCore.Razor.xml" hash="SHA1:eA893SZZrmuwnh/UIFneEvnY2Pc=" />
    <File path="\distr\Microsoft.CodeAnalysis.CSharp.dll" hash="SHA1:phO/+JmMawxRrRnkVZXnYDhQqZ0=" />
    <File path="\distr\Microsoft.CodeAnalysis.CSharp.xml" hash="SHA1:hYxMFlW/Q7Ibyf//wY82POyiP2E=" />
    <File path="\distr\Microsoft.CodeAnalysis.dll" hash="SHA1:egqX9s8j/SnaEEjpexaZe81reyY=" />
    <File path="\distr\Microsoft.CodeAnalysis.xml" hash="SHA1:0DxVU63l/v0YAi6vLp7+3mLVZ/4=" />
    <File path="\distr\Microsoft.Data.Sqlite.dll" hash="SHA1:Tx5QeYI4HFlxoCZhLrcCNVZ0Awc=" />
    <File path="\distr\Microsoft.Data.Sqlite.xml" hash="SHA1:aAHaVEO4ZhGLtJ5Q9Yr9Wcr1LH4=" />
    <File path="\distr\Microsoft.EntityFrameworkCore.Design.dll" hash="SHA1:VxYN0TCMyYVpXEulFXdcdGiwKQA=" />
    <File path="\distr\Microsoft.EntityFrameworkCore.Design.xml" hash="SHA1:4WYt2uUOflwjvmyxLLV4im+eZN8=" />
    <File path="\distr\Microsoft.EntityFrameworkCore.dll" hash="SHA1:bRqsapCLQIWLF6fFutWwpeP6nbI=" />
    <File path="\distr\Microsoft.EntityFrameworkCore.Relational.dll" hash="SHA1:+rVXM3dixzzEyf/Ab6PFOBiG+Sg=" />
    <File path="\distr\Microsoft.EntityFrameworkCore.Relational.xml" hash="SHA1:Ii1Fwu+uCNo1KfDzop9xUjvUQFM=" />
    <File path="\distr\Microsoft.EntityFrameworkCore.Sqlite.dll" hash="SHA1:dU16k3KNN2NomiBYJIwgWYVAfC0=" />
    <File path="\distr\Microsoft.EntityFrameworkCore.Sqlite.xml" hash="SHA1:KXbSvUpG0Oax7/W0WbmMcPXT2X4=" />
    <File path="\distr\Microsoft.EntityFrameworkCore.xml" hash="SHA1:CaSDJHNdXDhwAWgN6UmeVsM4L8E=" />
    <File path="\distr\Microsoft.Extensions.Caching.Abstractions.dll" hash="SHA1:fSsKGQN5tCqGb/RHKS30LeH1+pU=" />
    <File path="\distr\Microsoft.Extensions.Caching.Abstractions.xml" hash="SHA1:sIyee9HFRdfVfSpbNAfhK2Ac2Zs=" />
    <File path="\distr\Microsoft.Extensions.Caching.Memory.dll" hash="SHA1:FxzBKpghuEzC0K7edjhlO3GVhKU=" />
    <File path="\distr\Microsoft.Extensions.Caching.Memory.xml" hash="SHA1:qwiZL/DwQr1ZRbV1hI50IAhLEtw=" />
    <File path="\distr\Microsoft.Extensions.Configuration.Abstractions.dll" hash="SHA1:YQ8aDuIaQKVrTmQeksL8Dubr/Y4=" />
    <File path="\distr\Microsoft.Extensions.Configuration.Abstractions.xml" hash="SHA1:30Y4vFv178BFtchrIWWthKdv+18=" />
    <File path="\distr\Microsoft.Extensions.DependencyInjection.Abstractions.dll" hash="SHA1:cO2O5mMOVHElJn37Gf0rFKCHXqY=" />
    <File path="\distr\Microsoft.Extensions.DependencyInjection.Abstractions.xml" hash="SHA1:xipCpYdw4r4EBvc12sq3E7bObqY=" />
    <File path="\distr\Microsoft.Extensions.DependencyInjection.dll" hash="SHA1:wBZeZBuWjcXra85N7jc/LvtBk/0=" />
    <File path="\distr\Microsoft.Extensions.DependencyInjection.xml" hash="SHA1:am6C8Q9YF1Nu3RoM+Fw9D6VfQt0=" />
    <File path="\distr\Microsoft.Extensions.FileProviders.Abstractions.dll" hash="SHA1:+aYnIotnMNdxZoLPGW0k6q+7MdM=" />
    <File path="\distr\Microsoft.Extensions.FileProviders.Abstractions.xml" hash="SHA1:0r26JhBwUr6NvgKIY0l+DWO72FA=" />
    <File path="\distr\Microsoft.Extensions.FileProviders.Physical.dll" hash="SHA1:rvVJeVwCIligEIsmZoYwQ75yoB4=" />
    <File path="\distr\Microsoft.Extensions.FileProviders.Physical.xml" hash="SHA1:22XDWsMnxgXxpBMlQZlnXbKatgA=" />
    <File path="\distr\Microsoft.Extensions.FileSystemGlobbing.dll" hash="SHA1:YkN7TrGDBDfnK9hw7oXf80TU9a8=" />
    <File path="\distr\Microsoft.Extensions.FileSystemGlobbing.xml" hash="SHA1:XOCzSmovkKlALwaZdPyCd3+g0Rc=" />
    <File path="\distr\Microsoft.Extensions.Logging.Abstractions.dll" hash="SHA1:uhgSIa3WueDApy6Ww/WmqFLGkg8=" />
    <File path="\distr\Microsoft.Extensions.Logging.Abstractions.xml" hash="SHA1:d99323wmA1nmX+IaXUrUhOTaPBs=" />
    <File path="\distr\Microsoft.Extensions.Logging.dll" hash="SHA1:Pj3fmuGNQc8rxEzUsZU5gWsgX/Y=" />
    <File path="\distr\Microsoft.Extensions.Logging.xml" hash="SHA1:5jNnRv/wbqBSqBv46UHenKvsSDY=" />
    <File path="\distr\Microsoft.Extensions.Options.dll" hash="SHA1:ISYo2VUdYFz91H8aSGkOyF3du/4=" />
    <File path="\distr\Microsoft.Extensions.Options.xml" hash="SHA1:6DNUTwDczo2Ne3njux539MZG9Io=" />
    <File path="\distr\Microsoft.Extensions.Primitives.dll" hash="SHA1:tmBva+s5ovFkXiCZYwfCHbHFafo=" />
    <File path="\distr\Microsoft.Extensions.Primitives.xml" hash="SHA1:/K/Kv8t2nT/etZutfLQ32wNN+VE=" />
    <File path="\distr\Microsoft.Owin.dll" hash="SHA1:E79N6JmywmWRbuaXcrJxjiJEbk0=" />
    <File path="\distr\Microsoft.Owin.FileSystems.dll" hash="SHA1:zWOJoqETJTWnCyISa20eJX8YE2I=" />
    <File path="\distr\Microsoft.Owin.FileSystems.xml" hash="SHA1:T4dbo6J+52gzJ9yNNx8F5I99Zbo=" />
    <File path="\distr\Microsoft.Owin.Host.HttpListener.dll" hash="SHA1:GNBMhZORa6MsJmL1x23QgvFfA+k=" />
    <File path="\distr\Microsoft.Owin.Host.HttpListener.xml" hash="SHA1:QN1idanQ6wTDF0kmbCaO2O/Zm90=" />
    <File path="\distr\Microsoft.Owin.Hosting.dll" hash="SHA1:zptuMp2HG3qtJYAVfiB9MFhv1fs=" />
    <File path="\distr\Microsoft.Owin.Hosting.xml" hash="SHA1:DExFLwoomsBzRLZUutV2jQODQgs=" />
    <File path="\distr\Microsoft.Owin.StaticFiles.dll" hash="SHA1:EY1Y5Qw6Vh+/Ju1ypKFF8g+H5gk=" />
    <File path="\distr\Microsoft.Owin.StaticFiles.xml" hash="SHA1:/BvrOK2yrR0u3AlJExQ6U3ga2Fo=" />
    <File path="\distr\Microsoft.Owin.xml" hash="SHA1:ZmSwgAQkspL55JJmdDYenrmwqbE=" />
    <File path="\distr\Microsoft.Win32.Primitives.dll" hash="SHA1:fppvZHiP7pvFmjNndtcIzxX/pyQ=" />
    <File path="\distr\MimeSharp.dll" hash="SHA1:EUbt4gY/dNmVuGPk7zHCoZNpgio=" />
    <File path="\distr\netstandard.dll" hash="SHA1:HeEfslB16BJQxMR62AJlzJjETD4=" />
    <File path="\distr\Newtonsoft.Json.dll" hash="SHA1:L7C+EA3gNoD8QwnJ+lop5pOXqYA=" />
    <File path="\distr\Newtonsoft.Json.xml" hash="SHA1:uxfagTlm6gFDf2CIR9WrcPgok/M=" />
    <File path="\distr\NLog.dll" hash="SHA1:6a2B6mGkNjA5eKrcLpb3lovNLF0=" />
    <File path="\distr\NLog.xml" hash="SHA1:vYamaFZ+ZTcPPYB9D+F44SAXlAc=" />
    <File path="\distr\Owin.dll" hash="SHA1:oGQljEFeNFHjlyXU2XDskDuNvIo=" />
    <File path="\distr\Quartz.dll" hash="SHA1:Bq0sOtce8/c8+N7rOM6y0834yRs=" />
    <File path="\distr\Quartz.pdb" hash="SHA1:Y5mA9Eg5bcsq3z6Bfsq344OHGmU=" />
    <File path="\distr\Quartz.xml" hash="SHA1:E0RVNljcxHEGIFpwvW2nkjzca+M=" />
    <File path="\distr\RazorLight.dll" hash="SHA1:Q59zxPslTaLcruPobn+v1zY/m14=" />
    <File path="\distr\Remotion.Linq.dll" hash="SHA1:l6AbieIlMmZyKVips5RtqowbYdk=" />
    <File path="\distr\Remotion.Linq.xml" hash="SHA1:w47iRFIZTxNjyDZ5MSQpvejxEYg=" />
    <File path="\distr\SQLitePCLRaw.batteries_green.dll" hash="SHA1:z4bSsoBRsIBjt5T0KuaFdhYZwCY=" />
    <File path="\distr\SQLitePCLRaw.batteries_v2.dll" hash="SHA1:RMWMpSip9g0f4JqnhAeaR9s9AT4=" />
    <File path="\distr\SQLitePCLRaw.core.dll" hash="SHA1:kQUfyf/lX+eRwBHNGokIbAO08bE=" />
    <File path="\distr\SQLitePCLRaw.provider.e_sqlite3.dll" hash="SHA1:umUnRgcEqXUwt1SwpCYNDAwQJ4E=" />
    <File path="\distr\System.AppContext.dll" hash="SHA1:m/kM+AUILKYQRJ2Rjk66A7Kf/8g=" />
    <File path="\distr\System.Buffers.dll" hash="SHA1:5SNRns4yABM8UHeZOSDRTUNrhIQ=" />
    <File path="\distr\System.Buffers.xml" hash="SHA1:98kisyZV2icyzfnpgNrXM36ofV4=" />
    <File path="\distr\System.Collections.Concurrent.dll" hash="SHA1:9PxoyeOb/zrk8t2czzjXm6a7wTA=" />
    <File path="\distr\System.Collections.dll" hash="SHA1:qmvfzeyEHxG7Y8i7/Sq0jDNHius=" />
    <File path="\distr\System.Collections.Immutable.dll" hash="SHA1:euQvluM0juw2eDwVrV2eRT0jL64=" />
    <File path="\distr\System.Collections.Immutable.xml" hash="SHA1:26zmnc1FIE338LRH+R2BgBJoRvU=" />
    <File path="\distr\System.Collections.NonGeneric.dll" hash="SHA1:drFlqEw4HVXkcxTLjDAZhdlbdU4=" />
    <File path="\distr\System.Collections.Specialized.dll" hash="SHA1:MPBjza+U0ZvfeGPUHYEaTMYiLLE=" />
    <File path="\distr\System.ComponentModel.Annotations.dll" hash="SHA1:l1kuYrLYO2BcBx+ft6aU74dmGwQ=" />
    <File path="\distr\System.ComponentModel.dll" hash="SHA1:V8GC3V64rUonPf3LADXLTn8WzeI=" />
    <File path="\distr\System.ComponentModel.EventBasedAsync.dll" hash="SHA1:E0bgMJzwAiIG6v1HtahLVK0G5Q4=" />
    <File path="\distr\System.ComponentModel.Primitives.dll" hash="SHA1:HHEz0porbQIO1mWt50qPb9xHn84=" />
    <File path="\distr\System.ComponentModel.TypeConverter.dll" hash="SHA1:wQVz1VPpReqYTjdOyYka9cQ2dZY=" />
    <File path="\distr\System.Configuration.ConfigurationManager.dll" hash="SHA1:+nNhThWd7ovgdUsvbf0MECFtjqg=" />
    <File path="\distr\System.Console.dll" hash="SHA1:yugIxYhxHUVXqJRh6G3sFA2/5vU=" />
    <File path="\distr\System.Data.Common.dll" hash="SHA1:SVmtra/Hzlh21p8KbYJHlg08sUQ=" />
    <File path="\distr\System.Diagnostics.Contracts.dll" hash="SHA1:pYMnjdoEP//SZSbUwTHLsFWZ0DE=" />
    <File path="\distr\System.Diagnostics.Debug.dll" hash="SHA1:7AIShKpAGsq+AYKAI6+M9FfzWdQ=" />
    <File path="\distr\System.Diagnostics.DiagnosticSource.dll" hash="SHA1:tBUvo+afpv5XSp5Pj/MFyRpEBVc=" />
    <File path="\distr\System.Diagnostics.DiagnosticSource.xml" hash="SHA1:mzviiXdczGEirqjmimU6mLLPqr0=" />
    <File path="\distr\System.Diagnostics.FileVersionInfo.dll" hash="SHA1:EjkNkjzT7nG2Z5nArs/Vv8+KpAQ=" />
    <File path="\distr\System.Diagnostics.Process.dll" hash="SHA1:FwWL/eY13AkXY8TyypXU0l8cGJc=" />
    <File path="\distr\System.Diagnostics.StackTrace.dll" hash="SHA1:VLO4hy3C7uO78tBPiCmroLpc6lQ=" />
    <File path="\distr\System.Diagnostics.TextWriterTraceListener.dll" hash="SHA1:MZm6dba36G88yyi29twi36u4T84=" />
    <File path="\distr\System.Diagnostics.Tools.dll" hash="SHA1:KVPvas9XgUGYRj4yP8EY9tUNeLA=" />
    <File path="\distr\System.Diagnostics.TraceSource.dll" hash="SHA1:gER7l9xf6xBd+o5qG5sCRQ2mAmU=" />
    <File path="\distr\System.Diagnostics.Tracing.dll" hash="SHA1:ZipFNE4HCGCEblqZBL80L4SgKRA=" />
    <File path="\distr\System.Drawing.Primitives.dll" hash="SHA1:Hc437OYKJQTCLhxMocvfkzWm7k8=" />
    <File path="\distr\System.Dynamic.Runtime.dll" hash="SHA1:ivjthsQJVzLvOvmDKs+eY7ou0LE=" />
    <File path="\distr\System.Globalization.Calendars.dll" hash="SHA1:oZkn7On+AQGaLgtmYPGKJ+YziHg=" />
    <File path="\distr\System.Globalization.dll" hash="SHA1:9VpAk6HbYgNRBCJNJGAoPf5slDc=" />
    <File path="\distr\System.Globalization.Extensions.dll" hash="SHA1:3JWqi+UcB2MDvByAGWNHiwFnH8E=" />
    <File path="\distr\System.Interactive.Async.dll" hash="SHA1:sZWHEIpDtSD7NBik+kUxhikfOI4=" />
    <File path="\distr\System.Interactive.Async.xml" hash="SHA1:Hx2sFHzUWqhXlyKRni1Lpy+68dY=" />
    <File path="\distr\System.IO.Compression.dll" hash="SHA1:da2EQfRIOswuz257wp3HrJTxoFM=" />
    <File path="\distr\System.IO.Compression.ZipFile.dll" hash="SHA1:Gg2LdyXPc+rHOGs7x58uoF7LpM4=" />
    <File path="\distr\System.IO.dll" hash="SHA1:aWLnM96g0Ky+IYRRl5owIyNqLAI=" />
    <File path="\distr\System.IO.FileSystem.dll" hash="SHA1:ORU9mlPTVMFac2gmQjWX714Wq/g=" />
    <File path="\distr\System.IO.FileSystem.DriveInfo.dll" hash="SHA1:FT7DfK5Jhgx9iSDxA6Wwkisv3GU=" />
    <File path="\distr\System.IO.FileSystem.Primitives.dll" hash="SHA1:7+OVuXf3sBNgzVT7hz4l7Pgbo84=" />
    <File path="\distr\System.IO.FileSystem.Watcher.dll" hash="SHA1:mIVFfIdb69Lp/VYRmotHHqlZrvI=" />
    <File path="\distr\System.IO.IsolatedStorage.dll" hash="SHA1:Bi7CQcOH50JUfldIW4wI9nLlOZ8=" />
    <File path="\distr\System.IO.MemoryMappedFiles.dll" hash="SHA1:O7uy+FZjUfyZoQiLXyMwtaIkrhI=" />
    <File path="\distr\System.IO.Pipes.dll" hash="SHA1:JUFApZl2ccNif1dGSNPP7Rw0hmI=" />
    <File path="\distr\System.IO.UnmanagedMemoryStream.dll" hash="SHA1:+4+D5aTVGaTEZLCrwnrN5tXzrOM=" />
    <File path="\distr\System.Linq.dll" hash="SHA1:V2iTm0pLInz3ITWSEb9zPBMhCC4=" />
    <File path="\distr\System.Linq.Expressions.dll" hash="SHA1:PVlgPQJ+7vb8kJP9HYgp+6UxLBY=" />
    <File path="\distr\System.Linq.Parallel.dll" hash="SHA1:B6aSFFMAwxNlAs+WzfKYUkxDrgs=" />
    <File path="\distr\System.Linq.Queryable.dll" hash="SHA1:7gT+yLizjl8KOC/VnPkGQIjY7C8=" />
    <File path="\distr\System.Net.Http.dll" hash="SHA1:c8AvcfGiSaxUXvSRHerD1FLWoZw=" />
    <File path="\distr\System.Net.Http.Formatting.dll" hash="SHA1:pWFlN8pOStXrC+tIhjrmXp6pEIA=" />
    <File path="\distr\System.Net.Http.Formatting.xml" hash="SHA1:PPzaBefOwZPCxI8YX4riYWFKDqc=" />
    <File path="\distr\System.Net.NameResolution.dll" hash="SHA1:G5dSUoSWhcE4r5Uo++1x1tmhgs8=" />
    <File path="\distr\System.Net.NetworkInformation.dll" hash="SHA1:iT0jLJxQ3TNH2Vp4R4qYoikb1B0=" />
    <File path="\distr\System.Net.Ping.dll" hash="SHA1:itoRtbNgS3ByTmpKFRZohQM6waM=" />
    <File path="\distr\System.Net.Primitives.dll" hash="SHA1:rdeDi1bClhVoMGT5wYm6WCyHkTM=" />
    <File path="\distr\System.Net.Requests.dll" hash="SHA1:dkB53CNisccooTjW+bz72qG0pGg=" />
    <File path="\distr\System.Net.Security.dll" hash="SHA1:lK5rvTJPXsyN3e0zR2/Wa4Y3t6U=" />
    <File path="\distr\System.Net.Sockets.dll" hash="SHA1:Mjt2+WYHwPF0DEGytl+d2V0fIY0=" />
    <File path="\distr\System.Net.WebHeaderCollection.dll" hash="SHA1:CopxjHhVrMaOd6+Dnn2g3aQD3BY=" />
    <File path="\distr\System.Net.WebSockets.Client.dll" hash="SHA1:cpckra1VWYmD2X4EtQWfo1EStQU=" />
    <File path="\distr\System.Net.WebSockets.dll" hash="SHA1:0MzqmgovirUTOKyU8I7EPWlyVjE=" />
    <File path="\distr\System.ObjectModel.dll" hash="SHA1:j7kRA++VEmvmJbaZoOno9p9Z8og=" />
    <File path="\distr\System.Reflection.dll" hash="SHA1:QC/yskTVIhJ1ADrf1HPE0zJlNX8=" />
    <File path="\distr\System.Reflection.Extensions.dll" hash="SHA1:VVjoyBexeB0pyvR2QP8fT6+lZkA=" />
    <File path="\distr\System.Reflection.Metadata.dll" hash="SHA1:TtrrxdvwnzN9q/xQ6xhSIUBGkA8=" />
    <File path="\distr\System.Reflection.Metadata.xml" hash="SHA1:ltvFafqBBjZH2rtA6rUfEgEUOLU=" />
    <File path="\distr\System.Reflection.Primitives.dll" hash="SHA1:SGhH0H0T8Z2LkJvdQbk+CNCLpa4=" />
    <File path="\distr\System.Resources.Reader.dll" hash="SHA1:+K7dGNy+uS185sOd3iV4ctywG54=" />
    <File path="\distr\System.Resources.ResourceManager.dll" hash="SHA1:ZYg1Ci713OJP9TjKipBQfmCliTk=" />
    <File path="\distr\System.Resources.Writer.dll" hash="SHA1:5/Q1/gDZuy57S8KqEzWC+P0IlXo=" />
    <File path="\distr\System.Runtime.CompilerServices.Unsafe.dll" hash="SHA1:yvZhqYYefwdP+YNg4FV62g4GlvE=" />
    <File path="\distr\System.Runtime.CompilerServices.Unsafe.xml" hash="SHA1:lWjj3rMAjO9S13JlM+vP76kAvSU=" />
    <File path="\distr\System.Runtime.CompilerServices.VisualC.dll" hash="SHA1:VGrAcyO7+jbxY6S3FObBVf8DAL8=" />
    <File path="\distr\System.Runtime.dll" hash="SHA1:j996drjUzk2qmgmKjHBtwUCvRPU=" />
    <File path="\distr\System.Runtime.Extensions.dll" hash="SHA1:yIsroXUkXLyFqFnAUU8jKxHCfIo=" />
    <File path="\distr\System.Runtime.Handles.dll" hash="SHA1:k9koSW0hZ36L9oyL5Ns9CPteYE8=" />
    <File path="\distr\System.Runtime.InteropServices.dll" hash="SHA1:loG1fx7vIVgR55LyfFN2CeF7/6Y=" />
    <File path="\distr\System.Runtime.InteropServices.RuntimeInformation.dll" hash="SHA1:yo08KEA3yYqJadOJTBn1JtmryiA=" />
    <File path="\distr\System.Runtime.Numerics.dll" hash="SHA1:IIiZ32VDaw50Zo7Vjmzxhwuq4UM=" />
    <File path="\distr\System.Runtime.Serialization.Formatters.dll" hash="SHA1:S6JI+cdNbuJN+to6VZx2ccfg0Rc=" />
    <File path="\distr\System.Runtime.Serialization.Json.dll" hash="SHA1:B44cm22Uf6MpR3P8m+TY82D3F6c=" />
    <File path="\distr\System.Runtime.Serialization.Primitives.dll" hash="SHA1:dVgMMXnk+utQIZV/NGx18FSy6uI=" />
    <File path="\distr\System.Runtime.Serialization.Xml.dll" hash="SHA1:/hA4zxI50HQW6PZdGyBlfckMBLU=" />
    <File path="\distr\System.Security.Claims.dll" hash="SHA1:Tf/k4AR/4JI+BlBODuHv+rTlZss=" />
    <File path="\distr\System.Security.Cryptography.Algorithms.dll" hash="SHA1:SF6ijIobczOftGPUEN6lpeA650c=" />
    <File path="\distr\System.Security.Cryptography.Csp.dll" hash="SHA1:j6uP3Zj7UBfX38PWmFzRIhwVs0U=" />
    <File path="\distr\System.Security.Cryptography.Encoding.dll" hash="SHA1:+MqXT0v9qseQiOz+q8vFUFB98jA=" />
    <File path="\distr\System.Security.Cryptography.Primitives.dll" hash="SHA1:QKfxgj9IKdiTWG7/Bvdy6oX5kkw=" />
    <File path="\distr\System.Security.Cryptography.X509Certificates.dll" hash="SHA1:Z/cnE5ersAv4byikdZY0Wcko2pE=" />
    <File path="\distr\System.Security.Principal.dll" hash="SHA1:Klng1IDDbVYrTWMjxhRlOcGcytg=" />
    <File path="\distr\System.Security.SecureString.dll" hash="SHA1:Jfb8cl2wTmrp0VynJBaB1IKdAio=" />
    <File path="\distr\System.ServiceProcess.ServiceController.dll" hash="SHA1:yviE77L5+Nrmc5pmNVmNIRj6NO8=" />
    <File path="\distr\System.Text.Encoding.CodePages.dll" hash="SHA1:g2zgIZGgmPvpDC0EC5WEdIM1HZI=" />
    <File path="\distr\System.Text.Encoding.dll" hash="SHA1:t1B83ddXyXUzUOvOt2baZeNGMCM=" />
    <File path="\distr\System.Text.Encoding.Extensions.dll" hash="SHA1:4Zwae3u7zUyozE2wjBKDQLhdTS0=" />
    <File path="\distr\System.Text.Encodings.Web.dll" hash="SHA1:J2TsWicdArVG9ziHBHJFBS0pBBw=" />
    <File path="\distr\System.Text.Encodings.Web.xml" hash="SHA1:D8K6nKqYFFws605TVP0yHChs3HM=" />
    <File path="\distr\System.Text.RegularExpressions.dll" hash="SHA1:PM2wwlHdShoLDCW0PEWUkb/xJu4=" />
    <File path="\distr\System.Threading.dll" hash="SHA1:r7u5Ec4A6GAuuvyXhXlk1LD9CRc=" />
    <File path="\distr\System.Threading.Overlapped.dll" hash="SHA1:H7FithB6ETLqLtVu84mpJ3nLQTg=" />
    <File path="\distr\System.Threading.Tasks.dll" hash="SHA1:qFpbohZYJGdL1n5DD00XMyj7WxM=" />
    <File path="\distr\System.Threading.Tasks.Parallel.dll" hash="SHA1:p0UQGwLibaDeZyl0T2m0+BqVbpY=" />
    <File path="\distr\System.Threading.Thread.dll" hash="SHA1:NtDVQgbKb6Ct8nxQ6Cwk+8pmO/E=" />
    <File path="\distr\System.Threading.ThreadPool.dll" hash="SHA1:ToPQZp/6h/oJ2R4JKKDvmBf9q/U=" />
    <File path="\distr\System.Threading.Timer.dll" hash="SHA1:HT4zNyy61RZLNOFcLA73s2EkWs4=" />
    <File path="\distr\System.ValueTuple.dll" hash="SHA1:M9BeZHDLCEwC5wS+55FuhOrVU1E=" />
    <File path="\distr\System.Web.Cors.dll" hash="SHA1:Ej2DqI5VZgYVRgrTSYCn9aI0e3s=" />
    <File path="\distr\System.Web.Http.Cors.dll" hash="SHA1:k7QDWtFVY7855rwguu+Vsro2KMc=" />
    <File path="\distr\System.Web.Http.Cors.xml" hash="SHA1:NN1i7wF9gWg7pIg7NbePXAtSmgc=" />
    <File path="\distr\System.Web.Http.dll" hash="SHA1:7T5zukGRDTJhjru16Cv550tRsGI=" />
    <File path="\distr\System.Web.Http.Owin.dll" hash="SHA1:FdveemgRZnaoXjggf62Dy2cCJU4=" />
    <File path="\distr\System.Web.Http.Owin.xml" hash="SHA1:PoF4FG6CHE463JpGKEKq5l/ZxFs=" />
    <File path="\distr\System.Web.Http.xml" hash="SHA1:tgLRnL7/b+GJOoR7bJ8/YGJahRY=" />
    <File path="\distr\System.Xml.ReaderWriter.dll" hash="SHA1:00g3RnZlafmXVCxWaoMZTcnfVko=" />
    <File path="\distr\System.Xml.XDocument.dll" hash="SHA1:HA0GGU8V5LAdjD92/FB4s8BdpK8=" />
    <File path="\distr\System.Xml.XmlDocument.dll" hash="SHA1:GwwI3zJRED6NxF+moF4YtjyVhOQ=" />
    <File path="\distr\System.Xml.XmlSerializer.dll" hash="SHA1:S2jBrGOxOPs5Gtnnha2+5AjwghE=" />
    <File path="\distr\System.Xml.XPath.dll" hash="SHA1:rJh17nobqzqQpKFSTkiWxH1iB3w=" />
    <File path="\distr\System.Xml.XPath.XDocument.dll" hash="SHA1:L7yHp/CFv7SJiY74j9Fyb1qJe/Y=" />
    <File path="\distr\Topshelf.dll" hash="SHA1:5RRVNCZoYPbfbUGf8/Jhix3IeY0=" />
    <File path="\distr\Topshelf.xml" hash="SHA1:dmbb/R9bLCLqYiag6cPbRF05O94=" />
    <File path="\distr\WebApi.OutputCache.Core.dll" hash="SHA1:cGVYT6HbbyulC7ZEqrtEGVU1s+o=" />
    <File path="\distr\WebApi.OutputCache.V2.dll" hash="SHA1:l4Fs5eo5tHrXvUf9N13vDubxAxg=" />
    <File path="\distr\assets\logo.png" hash="SHA1:WUa3qUnCSYuZYDVaKuw84vjYoTc=" />
    <File path="\distr\x64\e_sqlite3.dll" hash="SHA1:VMsT7YOqSXfyIpfGdW1XygX+NU0=" />
    <File path="\distr\x86\e_sqlite3.dll" hash="SHA1:Xv/EeTVvj/ifFzhbeBNWfjCyPqU=" />
    <File path="\webui\3rdpartylicenses.txt" hash="SHA1:1QCt0LMuDXM2p8lXEZKZMx2HJgY=" />
    <File path="\webui\favicon.ico" hash="SHA1:b3DGTQzAmAruA4+ruSkVCGlfny8=" />
    <File path="\webui\glyphicons-halflings-regular.448c34a56d699c29117a.woff2" hash="SHA1:yjW2l9mcrk0bYPLWD803dxmH6wc=" />
    <File path="\webui\glyphicons-halflings-regular.89889688147bd7575d63.svg" hash="SHA1:3lGoSUGAptsHSvLe4jg/CjY8Wwg=" />
    <File path="\webui\glyphicons-halflings-regular.e18bbf611f2a2e43afc0.ttf" hash="SHA1:RLwYUPVwlyJnsWmuGPHLBrYR/6I=" />
    <File path="\webui\glyphicons-halflings-regular.f4769f9bdb7466be6508.eot" hash="SHA1:hrb2K3hT5n0+Y19lEqWl78WOo8M=" />
    <File path="\webui\glyphicons-halflings-regular.fa2772327f55d8198301.woff" hash="SHA1:J45JqG5jTabyoC87R92dKo8mIQ8=" />
    <File path="\webui\index.html" hash="SHA1:U2CqF2llMUH5krktELkzvKFllQo=" />
    <File path="\webui\inline.c5c6dff59c6889f92b26.bundle.js" hash="SHA1:/zOb1bWPElOLX+9Oiz8gXzaOSsU=" />
    <File path="\webui\main.6c87b590ef6c23dad000.bundle.js" hash="SHA1:GwyqqVwKjYm7YFiqGSVC+aDp6SE=" />
    <File path="\webui\polyfills.35726d60cdf25fecc5f1.bundle.js" hash="SHA1:Hkd56wD/3M5Mn09vfKadYNEBsqs=" />
    <File path="\webui\styles.a1b256aadeb275869e3b.bundle.css" hash="SHA1:GtjRisA4KuiYTtUtGG4IYWHufVM=" />
    <File path="\webui\vendor.084ab8617d79d3997836.bundle.js" hash="SHA1:0/gaHkBJLeiyovuD4Lv8O+Gdfk0=" />
    <File path="\webui\assets\ct.png" hash="SHA1:lY8MPcsPWrXYWwsavAbHcU/riKg=" />
    <File path="\webui\assets\Dicom.jpg" hash="SHA1:vf5WgbSsmSNH2WMWK1s8msnc4zE=" />
    <File path="\webui\assets\hl7.png" hash="SHA1:0SKJxLX2VLT1Cpee/uX3PP3mvq4=" />
    <File path="\webui\assets\ir.jpg" hash="SHA1:IctXeBsaADWmw9VH/IC0iafnJMQ=" />
    <File path="\webui\assets\nrdr_dir.jpg" hash="SHA1:7Io1o9XVpc8e269aGhvQiC/B6QA=" />
    <File path="\webui\assets\shell.png" hash="SHA1:pv9YF1tUwOscUevdmichdt3LFrU=" />
    <File path="\webui\assets\spinner-small.gif" hash="SHA1:3KvddD/T6de9Vker64bmaj5vlZc=" />
  </Content>
</Package>